category,count_annotation,proportion_annotation,count_token,proportion_token
Discharge summary,15851,0.7025841053144808,2124686,0.80770416551829
Physician,3691,0.16360090421523868,322229,0.1224960796799118
Radiology,1667,0.07388856876911484,44318,0.01684758745877724
Echo,737,0.03266699171136031,84810,0.03224071240531833
Consult,615,0.027259429989805416,54482,0.020711454937702548
