unique_sections,count,proportion
1,253025,0.975852919170337
2,5589,0.021555348148376695
3,589,0.0022716228411869517
4,72,0.00027768564442353234
5,11,4.242419567581744e-05
