category,count,proportion
Discharge summary,1254,0.6263736263736264
Physician,288,0.14385614385614387
Radiology,205,0.1023976023976024
Echo,198,0.0989010989010989
Consult,57,0.028471528471528472
